[{"pk": 1, "model": "registry.teacher", "fields": {"salutation": "Mrs.", "middle_initial": "A.", "first_name": "Melanie", "last_name": "Abello", "suffix": ""}}, {"pk": 2, "model": "registry.teacher", "fields": {"salutation": "Mr.", "middle_initial": "E.", "first_name": "Michael David John", "last_name": "Abello", "suffix": ""}}, {"pk": 3, "model": "registry.teacher", "fields": {"salutation": "Mr.", "middle_initial": "B.", "first_name": "Avenger", "last_name": "Alob", "suffix": ""}}, {"pk": 4, "model": "registry.teacher", "fields": {"salutation": "Ms.", "middle_initial": "R.", "first_name": "Marley", "last_name": "Arbon", "suffix": ""}}, {"pk": 5, "model": "registry.teacher", "fields": {"salutation": "Ms.", "middle_initial": "B.", "first_name": "Mary Immaculate", "last_name": "Aringay", "suffix": ""}}, {"pk": 6, "model": "registry.teacher", "fields": {"salutation": "Mr.", "middle_initial": "D.", "first_name": "John Symon", "last_name": "Bailon", "suffix": ""}}, {"pk": 7, "model": "registry.teacher", "fields": {"salutation": "Mrs.", "middle_initial": "G.", "first_name": "Mylene", "last_name": "Bersabal", "suffix": ""}}, {"pk": 8, "model": "registry.teacher", "fields": {"salutation": "Ms.", "middle_initial": "", "first_name": "Vanessa C.", "last_name": "Caballero", "suffix": ""}}, {"pk": 9, "model": "registry.teacher", "fields": {"salutation": "Ms.", "middle_initial": "D.", "first_name": "Rachel", "last_name": "Cabuco", "suffix": ""}}, {"pk": 10, "model": "registry.teacher", "fields": {"salutation": "Mr.", "middle_initial": "B.", "first_name": "Priscilliano", "last_name": "Capangpangan", "suffix": ""}}, {"pk": 11, "model": "registry.teacher", "fields": {"salutation": "Mr.", "middle_initial": "O.", "first_name": "Charlito", "last_name": "Codizar", "suffix": ""}}, {"pk": 12, "model": "registry.teacher", "fields": {"salutation": "Mrs.", "middle_initial": "D.", "first_name": "Fidelis", "last_name": "Cuay", "suffix": ""}}, {"pk": 13, "model": "registry.teacher", "fields": {"salutation": "Mrs.", "middle_initial": "B.", "first_name": "Mylene Louise", "last_name": "Curso", "suffix": ""}}, {"pk": 14, "model": "registry.teacher", "fields": {"salutation": "Bb.", "middle_initial": "A.", "first_name": "Jasmin", "last_name": "Del Mar", "suffix": ""}}, {"pk": 15, "model": "registry.teacher", "fields": {"salutation": "Mr.", "middle_initial": "C.", "first_name": "Glen", "last_name": "Delator", "suffix": ""}}, {"pk": 16, "model": "registry.teacher", "fields": {"salutation": "Mrs.", "middle_initial": "S.", "first_name": "April Dawn", "last_name": "Dizon", "suffix": ""}}, {"pk": 17, "model": "registry.teacher", "fields": {"salutation": "Ms.", "middle_initial": "A.", "first_name": "Christine", "last_name": "Duran", "suffix": ""}}, {"pk": 18, "model": "registry.teacher", "fields": {"salutation": "Mrs. ", "middle_initial": "G.", "first_name": "Virginia", "last_name": "Escosora", "suffix": ""}}, {"pk": 19, "model": "registry.teacher", "fields": {"salutation": "Mrs.", "middle_initial": "B.", "first_name": "Ma. Filipina", "last_name": "Evano", "suffix": ""}}, {"pk": 20, "model": "registry.teacher", "fields": {"salutation": "Ms.", "middle_initial": "T.", "first_name": "Mitos", "last_name": "Gonzales", "suffix": ""}}, {"pk": 21, "model": "registry.teacher", "fields": {"salutation": "Ms.", "middle_initial": "Y.", "first_name": "Ma. Antonia", "last_name": "Huan", "suffix": ""}}, {"pk": 22, "model": "registry.teacher", "fields": {"salutation": "Mr.", "middle_initial": "C.", "first_name": "Alven Rey", "last_name": "Labadan", "suffix": ""}}, {"pk": 23, "model": "registry.teacher", "fields": {"salutation": "Mrs.", "middle_initial": "A.", "first_name": "Pamela", "last_name": "Labadan", "suffix": ""}}, {"pk": 24, "model": "registry.teacher", "fields": {"salutation": "Ms.", "middle_initial": "P.", "first_name": "Regine", "last_name": "Lagrimas", "suffix": ""}}, {"pk": 25, "model": "registry.teacher", "fields": {"salutation": "Mrs.", "middle_initial": "B.", "first_name": "Rosie Fe", "last_name": "Legaspino", "suffix": ""}}, {"pk": 26, "model": "registry.teacher", "fields": {"salutation": "Mrs.", "middle_initial": "U.", "first_name": "Estelita", "last_name": "Lim", "suffix": ""}}, {"pk": 27, "model": "registry.teacher", "fields": {"salutation": "Mr.", "middle_initial": "", "first_name": "Sheng", "last_name": "Liu", "suffix": ""}}, {"pk": 28, "model": "registry.teacher", "fields": {"salutation": "Mr.", "middle_initial": "B.", "first_name": "Noel Martin", "last_name": "Llevares", "suffix": ""}}, {"pk": 29, "model": "registry.teacher", "fields": {"salutation": "Mrs.", "middle_initial": "S. ", "first_name": "Marybeth", "last_name": "Macarayan", "suffix": ""}}, {"pk": 30, "model": "registry.teacher", "fields": {"salutation": "Mrs.", "middle_initial": "C.", "first_name": "Ma. Rubelyn", "last_name": "Macion", "suffix": ""}}, {"pk": 31, "model": "registry.teacher", "fields": {"salutation": "Ms. ", "middle_initial": "Q.", "first_name": "Prety", "last_name": "Maloloy-on", "suffix": ""}}, {"pk": 32, "model": "registry.teacher", "fields": {"salutation": "Bb.", "middle_initial": "H.", "first_name": "Jennifer", "last_name": "Manatad", "suffix": ""}}, {"pk": 33, "model": "registry.teacher", "fields": {"salutation": "Ms.", "middle_initial": "L.", "first_name": "Mary Lourdes", "last_name": "Melloria", "suffix": ""}}, {"pk": 34, "model": "registry.teacher", "fields": {"salutation": "Ms. ", "middle_initial": "V.", "first_name": "Marisse", "last_name": "Paraoan", "suffix": ""}}, {"pk": 35, "model": "registry.teacher", "fields": {"salutation": "Mr.", "middle_initial": "B.", "first_name": "Clark Ian", "last_name": "Pelen", "suffix": ""}}, {"pk": 36, "model": "registry.teacher", "fields": {"salutation": "Mrs.", "middle_initial": "A.", "first_name": "Ma. Elizabeth", "last_name": "Pelen", "suffix": ""}}, {"pk": 37, "model": "registry.teacher", "fields": {"salutation": "Mrs.", "middle_initial": "B.", "first_name": "Avecenna", "last_name": "Peteros", "suffix": ""}}, {"pk": 38, "model": "registry.teacher", "fields": {"salutation": "Ms.", "middle_initial": "B.", "first_name": "Rohaiba", "last_name": "Radiamoda", "suffix": ""}}, {"pk": 39, "model": "registry.teacher", "fields": {"salutation": "Mrs.", "middle_initial": "A.", "first_name": "Maria Christine", "last_name": "Ramirez", "suffix": ""}}, {"pk": 40, "model": "registry.teacher", "fields": {"salutation": "Ms.", "middle_initial": "F.", "first_name": "Bernice Marsha", "last_name": "Reyes", "suffix": ""}}, {"pk": 41, "model": "registry.teacher", "fields": {"salutation": "Mrs.", "middle_initial": "L.", "first_name": "Mildred", "last_name": "Rios", "suffix": ""}}, {"pk": 42, "model": "registry.teacher", "fields": {"salutation": "Bb.", "middle_initial": "A.", "first_name": "Mary Jane", "last_name": "Rodrigo", "suffix": ""}}, {"pk": 43, "model": "registry.teacher", "fields": {"salutation": "Mrs.", "middle_initial": "J.", "first_name": "Concepcion Agnes", "last_name": "Sarza", "suffix": ""}}, {"pk": 44, "model": "registry.teacher", "fields": {"salutation": "Bb.", "middle_initial": "P.", "first_name": "May", "last_name": "Sastre", "suffix": ""}}, {"pk": 45, "model": "registry.teacher", "fields": {"salutation": "Mr.", "middle_initial": "I.", "first_name": "Anthony Hejie", "last_name": "Suralta", "suffix": ""}}, {"pk": 46, "model": "registry.teacher", "fields": {"salutation": "Ms.", "middle_initial": "D.", "first_name": "Nilda", "last_name": "Torregosa", "suffix": ""}}, {"pk": 47, "model": "registry.teacher", "fields": {"salutation": "Ms.", "middle_initial": "T.", "first_name": "Nancy", "last_name": "Uy", "suffix": ""}}, {"pk": 48, "model": "registry.teacher", "fields": {"salutation": "Mrs.", "middle_initial": "O.", "first_name": "Eve", "last_name": "Vecina", "suffix": ""}}, {"pk": 49, "model": "registry.teacher", "fields": {"salutation": "Bb.", "middle_initial": "R.", "first_name": "Jean Eleanor", "last_name": "Velasco", "suffix": ""}}, {"pk": 50, "model": "registry.teacher", "fields": {"salutation": "Mrs.", "middle_initial": "C.", "first_name": "Mae Divina", "last_name": "Velasco", "suffix": ""}}, {"pk": 51, "model": "registry.teacher", "fields": {"salutation": "Ms.", "middle_initial": "", "first_name": "Bei", "last_name": "Yao", "suffix": ""}}, {"pk": 52, "model": "registry.teacher", "fields": {"salutation": "Mrs.", "middle_initial": "G.", "first_name": "Cecilia", "last_name": "Yap", "suffix": ""}}, {"pk": 53, "model": "registry.teacher", "fields": {"salutation": "Mrs.", "middle_initial": "I.", "first_name": "Grace", "last_name": "Yap", "suffix": ""}}, {"pk": 54, "model": "registry.teacher", "fields": {"salutation": "Mrs.", "middle_initial": "O.", "first_name": "Susana", "last_name": "Yap", "suffix": ""}}, {"pk": 55, "model": "registry.teacher", "fields": {"salutation": "Mr.", "middle_initial": "P.", "first_name": "Paul John", "last_name": "Ylanan", "suffix": ""}}, {"pk": 56, "model": "registry.teacher", "fields": {"salutation": "Ms.", "middle_initial": "", "first_name": "Xiaoyan", "last_name": "Zhang", "suffix": ""}}, {"pk": 57, "model": "registry.teacher", "fields": {"salutation": "Ms.", "middle_initial": "R.", "first_name": "Maria Lisandra", "last_name": "Tugaoen", "suffix": ""}}, {"pk": 1, "model": "registry.subject", "fields": {"code": "CHI", "name": "Chinese"}}, {"pk": 2, "model": "registry.subject", "fields": {"code": "CLF", "name": "Christian Life Formation"}}, {"pk": 3, "model": "registry.subject", "fields": {"code": "FIL", "name": "Filipino"}}, {"pk": 4, "model": "registry.subject", "fields": {"code": "LAN", "name": "Language"}}, {"pk": 5, "model": "registry.subject", "fields": {"code": "MAT", "name": "Mathematics"}}, {"pk": 6, "model": "registry.subject", "fields": {"code": "RDG", "name": "Reading"}}, {"pk": 7, "model": "registry.subject", "fields": {"code": "SCI", "name": "Science"}}, {"pk": 8, "model": "registry.subject", "fields": {"code": "SOC", "name": "Social Studies"}}, {"pk": 9, "model": "registry.subject", "fields": {"code": "MUS", "name": "Music"}}, {"pk": 10, "model": "registry.subject", "fields": {"code": "ART", "name": "Arts"}}, {"pk": 11, "model": "registry.subject", "fields": {"code": "PE", "name": "Physical Education"}}, {"pk": 12, "model": "registry.subject", "fields": {"code": "HE", "name": "Home Economics"}}, {"pk": 13, "model": "registry.subject", "fields": {"code": "COM", "name": "Computer"}}, {"pk": 14, "model": "registry.subject", "fields": {"code": "GEM", "name": "Mathematics (GEM)"}}, {"pk": 1, "model": "registry.section", "fields": {"code": "G1A", "name": "Sales", "full_name": "Bl. James Sales", "level": 1}}, {"pk": 2, "model": "registry.section", "fields": {"code": "G1B", "name": "Azevedo", "full_name": "Bl. Ignatius de Azevedo", "level": 1}}, {"pk": 3, "model": "registry.section", "fields": {"code": "G1C", "name": "Imbert", "full_name": "Bl. Joseph Imbert", "level": 1}}, {"pk": 4, "model": "registry.section", "fields": {"code": "G1D", "name": "Andrade", "full_name": "Bl. James de Andrade", "level": 1}}, {"pk": 5, "model": "registry.section", "fields": {"code": "G1E", "name": "Mayer", "full_name": "Bl. Rupert Mayer", "level": 1}}, {"pk": 6, "model": "registry.section", "fields": {"code": "G1F", "name": "Hoyos", "full_name": "Bl. Bernardo de Hoyos", "level": 1}}, {"pk": 7, "model": "registry.section", "fields": {"code": "G1G", "name": "Pro", "full_name": "Bl. Miguel Agustin Pro", "level": 1}}, {"pk": 8, "model": "registry.section", "fields": {"code": "G2A", "name": "De Brito ", "full_name": "St. John de Brito ", "level": 2}}, {"pk": 9, "model": "registry.section", "fields": {"code": "G6F", "name": "Gonzaga", "full_name": "St. Aloysius Gonzaga", "level": 6}}, {"pk": 10, "model": "registry.section", "fields": {"code": "G2B", "name": "Acquaviva", "full_name": "Bl. Rudolph Acquaviva", "level": 2}}, {"pk": 11, "model": "registry.section", "fields": {"code": "G6E", "name": "Canisius", "full_name": "St. Peter Canisius", "level": 6}}, {"pk": 12, "model": "registry.section", "fields": {"code": "G6D", "name": "Bellarmine", "full_name": "St. Robert Bellarmine", "level": 6}}, {"pk": 13, "model": "registry.section", "fields": {"code": "G6C", "name": "Claver", "full_name": "St. Peter Claver", "level": 6}}, {"pk": 14, "model": "registry.section", "fields": {"code": "G2C", "name": "Pacheco", "full_name": "Bl. Francis Pacheco", "level": 2}}, {"pk": 15, "model": "registry.section", "fields": {"code": "G6B", "name": "Regis", "full_name": "St. John Francis Regis", "level": 6}}, {"pk": 16, "model": "registry.section", "fields": {"code": "G2D", "name": "Spinola ", "full_name": "Bl. Charles Spinola", "level": 2}}, {"pk": 17, "model": "registry.section", "fields": {"code": "G6A", "name": "Loyola", "full_name": "St. Ignatius of Loyola", "level": 6}}, {"pk": 18, "model": "registry.section", "fields": {"code": "G2E", "name": "Jerome", "full_name": "St. Francis Jerome", "level": 2}}, {"pk": 19, "model": "registry.section", "fields": {"code": "G5E", "name": "San Vitores", "full_name": "Bl. Diego Luis de San Vitores", "level": 5}}, {"pk": 20, "model": "registry.section", "fields": {"code": "G2F", "name": "Ricci", "full_name": "Fr. Matteo Ricci, S.J.", "level": 2}}, {"pk": 21, "model": "registry.section", "fields": {"code": "G5D", "name": "Garate", "full_name": "Bl. Francisco Garate", "level": 5}}, {"pk": 22, "model": "registry.section", "fields": {"code": "G5C", "name": "Hurtado", "full_name": "St. Albert Cruchaga Hurtado", "level": 5}}, {"pk": 23, "model": "registry.section", "fields": {"code": "G3A", "name": "Miki", "full_name": "St. Paul Miki", "level": 3}}, {"pk": 24, "model": "registry.section", "fields": {"code": "G5B", "name": "Faber", "full_name": "Bl. Peter Faber", "level": 5}}, {"pk": 25, "model": "registry.section", "fields": {"code": "G5A", "name": "Xavier", "full_name": "St. Francis Xavier", "level": 5}}, {"pk": 26, "model": "registry.section", "fields": {"code": "G3B", "name": "Borgia", "full_name": "St. Francis Borgia", "level": 3}}, {"pk": 27, "model": "registry.section", "fields": {"code": "G4E", "name": "Del Castillo", "full_name": "St. John del Castillo", "level": 4}}, {"pk": 28, "model": "registry.section", "fields": {"code": "G3C", "name": "Rodriguez", "full_name": "St. Alphonsus Rodriguez ", "level": 3}}, {"pk": 29, "model": "registry.section", "fields": {"code": "G4D", "name": "Pignatelli", "full_name": "St. Joseph Pignatelli", "level": 4}}, {"pk": 30, "model": "registry.section", "fields": {"code": "G3D", "name": "Arrowsmith ", "full_name": "St. Edmund Arrowsmith", "level": 3}}, {"pk": 31, "model": "registry.section", "fields": {"code": "G4C", "name": "Campion", "full_name": "St. Edmund Campion", "level": 4}}, {"pk": 32, "model": "registry.section", "fields": {"code": "G4B", "name": "Jogues", "full_name": "St. Isaac Jogues", "level": 4}}, {"pk": 33, "model": "registry.section", "fields": {"code": "G4A", "name": "Berchmans", "full_name": "St. John Berchmans", "level": 4}}, {"pk": 34, "model": "registry.section", "fields": {"code": "G3E", "name": "Colombiere", "full_name": "St. Claude La Colombiere", "level": 3}}, {"pk": 1, "model": "registry.course", "fields": {"section": 1, "schedule": "1", "subject": 2}}, {"pk": 2, "model": "registry.course", "fields": {"section": 2, "schedule": "1", "subject": 2}}, {"pk": 3, "model": "registry.course", "fields": {"section": 3, "schedule": "1", "subject": 2}}, {"pk": 4, "model": "registry.course", "fields": {"section": 4, "schedule": "1", "subject": 2}}, {"pk": 5, "model": "registry.course", "fields": {"section": 1, "schedule": "1", "subject": 3}}, {"pk": 6, "model": "registry.course", "fields": {"section": 5, "schedule": "1", "subject": 2}}, {"pk": 7, "model": "registry.course", "fields": {"section": 2, "schedule": "1", "subject": 3}}, {"pk": 8, "model": "registry.course", "fields": {"section": 5, "schedule": "1", "subject": 2}}, {"pk": 9, "model": "registry.course", "fields": {"section": 3, "schedule": "1", "subject": 3}}, {"pk": 10, "model": "registry.course", "fields": {"section": 6, "schedule": "1", "subject": 2}}, {"pk": 11, "model": "registry.course", "fields": {"section": 7, "schedule": "1", "subject": 2}}, {"pk": 12, "model": "registry.course", "fields": {"section": 8, "schedule": "1", "subject": 2}}, {"pk": 13, "model": "registry.course", "fields": {"section": 3, "schedule": "1", "subject": 3}}, {"pk": 14, "model": "registry.course", "fields": {"section": 10, "schedule": "1", "subject": 2}}, {"pk": 15, "model": "registry.course", "fields": {"section": 4, "schedule": "1", "subject": 3}}, {"pk": 16, "model": "registry.course", "fields": {"section": 5, "schedule": "1", "subject": 3}}, {"pk": 17, "model": "registry.course", "fields": {"section": 14, "schedule": "1", "subject": 2}}, {"pk": 18, "model": "registry.course", "fields": {"section": 6, "schedule": "1", "subject": 3}}, {"pk": 19, "model": "registry.course", "fields": {"section": 7, "schedule": "1", "subject": 3}}, {"pk": 20, "model": "registry.course", "fields": {"section": 8, "schedule": "1", "subject": 3}}, {"pk": 21, "model": "registry.course", "fields": {"section": 16, "schedule": "1", "subject": 2}}, {"pk": 22, "model": "registry.course", "fields": {"section": 10, "schedule": "1", "subject": 3}}, {"pk": 23, "model": "registry.course", "fields": {"section": 14, "schedule": "1", "subject": 3}}, {"pk": 24, "model": "registry.course", "fields": {"section": 18, "schedule": "1", "subject": 2}}, {"pk": 25, "model": "registry.course", "fields": {"section": 16, "schedule": "1", "subject": 3}}, {"pk": 26, "model": "registry.course", "fields": {"section": 18, "schedule": "1", "subject": 3}}, {"pk": 27, "model": "registry.course", "fields": {"section": 20, "schedule": "1", "subject": 2}}, {"pk": 28, "model": "registry.course", "fields": {"section": 20, "schedule": "1", "subject": 3}}, {"pk": 29, "model": "registry.course", "fields": {"section": 23, "schedule": "1", "subject": 3}}, {"pk": 30, "model": "registry.course", "fields": {"section": 23, "schedule": "1", "subject": 2}}, {"pk": 31, "model": "registry.course", "fields": {"section": 26, "schedule": "1", "subject": 3}}, {"pk": 32, "model": "registry.course", "fields": {"section": 26, "schedule": "1", "subject": 2}}, {"pk": 33, "model": "registry.course", "fields": {"section": 28, "schedule": "1", "subject": 3}}, {"pk": 34, "model": "registry.course", "fields": {"section": 28, "schedule": "1", "subject": 2}}, {"pk": 35, "model": "registry.course", "fields": {"section": 30, "schedule": "1", "subject": 3}}, {"pk": 36, "model": "registry.course", "fields": {"section": 30, "schedule": "1", "subject": 2}}, {"pk": 37, "model": "registry.course", "fields": {"section": 34, "schedule": "1", "subject": 3}}, {"pk": 38, "model": "registry.course", "fields": {"section": 34, "schedule": "1", "subject": 2}}, {"pk": 39, "model": "registry.course", "fields": {"section": 27, "schedule": "1", "subject": 3}}, {"pk": 40, "model": "registry.course", "fields": {"section": 29, "schedule": "1", "subject": 3}}, {"pk": 41, "model": "registry.course", "fields": {"section": 33, "schedule": "1", "subject": 2}}, {"pk": 42, "model": "registry.course", "fields": {"section": 32, "schedule": "1", "subject": 2}}, {"pk": 43, "model": "registry.course", "fields": {"section": 31, "schedule": "1", "subject": 3}}, {"pk": 44, "model": "registry.course", "fields": {"section": 32, "schedule": "1", "subject": 3}}, {"pk": 45, "model": "registry.course", "fields": {"section": 31, "schedule": "1", "subject": 2}}, {"pk": 46, "model": "registry.course", "fields": {"section": 32, "schedule": "1", "subject": 3}}, {"pk": 47, "model": "registry.course", "fields": {"section": 33, "schedule": "1", "subject": 3}}, {"pk": 48, "model": "registry.course", "fields": {"section": 29, "schedule": "1", "subject": 2}}, {"pk": 49, "model": "registry.course", "fields": {"section": 27, "schedule": "1", "subject": 2}}, {"pk": 50, "model": "registry.course", "fields": {"section": 25, "schedule": "1", "subject": 3}}, {"pk": 51, "model": "registry.course", "fields": {"section": 25, "schedule": "1", "subject": 2}}, {"pk": 52, "model": "registry.course", "fields": {"section": 24, "schedule": "1", "subject": 3}}, {"pk": 53, "model": "registry.course", "fields": {"section": 22, "schedule": "1", "subject": 3}}, {"pk": 54, "model": "registry.course", "fields": {"section": 24, "schedule": "1", "subject": 2}}, {"pk": 55, "model": "registry.course", "fields": {"section": 21, "schedule": "1", "subject": 3}}, {"pk": 56, "model": "registry.course", "fields": {"section": 19, "schedule": "1", "subject": 3}}, {"pk": 57, "model": "registry.course", "fields": {"section": 22, "schedule": "1", "subject": 2}}, {"pk": 58, "model": "registry.course", "fields": {"section": 17, "schedule": "1", "subject": 3}}, {"pk": 59, "model": "registry.course", "fields": {"section": 21, "schedule": "1", "subject": 2}}, {"pk": 60, "model": "registry.course", "fields": {"section": 15, "schedule": "1", "subject": 3}}, {"pk": 61, "model": "registry.course", "fields": {"section": 13, "schedule": "1", "subject": 3}}, {"pk": 62, "model": "registry.course", "fields": {"section": 19, "schedule": "1", "subject": 2}}, {"pk": 63, "model": "registry.course", "fields": {"section": 12, "schedule": "1", "subject": 3}}, {"pk": 64, "model": "registry.course", "fields": {"section": 17, "schedule": "1", "subject": 2}}, {"pk": 65, "model": "registry.course", "fields": {"section": 11, "schedule": "1", "subject": 3}}, {"pk": 66, "model": "registry.course", "fields": {"section": 9, "schedule": "1", "subject": 3}}, {"pk": 67, "model": "registry.course", "fields": {"section": 13, "schedule": "1", "subject": 2}}, {"pk": 68, "model": "registry.course", "fields": {"section": 11, "schedule": "1", "subject": 2}}, {"pk": 69, "model": "registry.course", "fields": {"section": 12, "schedule": "1", "subject": 2}}, {"pk": 70, "model": "registry.course", "fields": {"section": 1, "schedule": "1", "subject": 6}}, {"pk": 71, "model": "registry.course", "fields": {"section": 9, "schedule": "1", "subject": 2}}, {"pk": 72, "model": "registry.course", "fields": {"section": 2, "schedule": "1", "subject": 6}}, {"pk": 73, "model": "registry.course", "fields": {"section": 3, "schedule": "1", "subject": 6}}, {"pk": 74, "model": "registry.course", "fields": {"section": 15, "schedule": "1", "subject": 2}}, {"pk": 75, "model": "registry.course", "fields": {"section": 4, "schedule": "1", "subject": 6}}, {"pk": 76, "model": "registry.course", "fields": {"section": 9, "schedule": "1", "subject": 2}}, {"pk": 77, "model": "registry.course", "fields": {"section": 1, "schedule": "1", "subject": 4}}, {"pk": 78, "model": "registry.course", "fields": {"section": 2, "schedule": "1", "subject": 4}}, {"pk": 79, "model": "registry.course", "fields": {"section": 5, "schedule": "1", "subject": 6}}, {"pk": 80, "model": "registry.course", "fields": {"section": 6, "schedule": "1", "subject": 6}}, {"pk": 81, "model": "registry.course", "fields": {"section": 7, "schedule": "1", "subject": 6}}, {"pk": 82, "model": "registry.course", "fields": {"section": 8, "schedule": "1", "subject": 6}}, {"pk": 83, "model": "registry.course", "fields": {"section": 10, "schedule": "1", "subject": 6}}, {"pk": 84, "model": "registry.course", "fields": {"section": 14, "schedule": "1", "subject": 6}}, {"pk": 85, "model": "registry.course", "fields": {"section": 3, "schedule": "1", "subject": 4}}, {"pk": 86, "model": "registry.course", "fields": {"section": 16, "schedule": "1", "subject": 6}}, {"pk": 87, "model": "registry.course", "fields": {"section": 4, "schedule": "1", "subject": 4}}, {"pk": 88, "model": "registry.course", "fields": {"section": 4, "schedule": "1", "subject": 4}}, {"pk": 89, "model": "registry.course", "fields": {"section": 18, "schedule": "1", "subject": 6}}, {"pk": 90, "model": "registry.course", "fields": {"section": 5, "schedule": "1", "subject": 4}}, {"pk": 91, "model": "registry.course", "fields": {"section": 20, "schedule": "1", "subject": 6}}, {"pk": 92, "model": "registry.course", "fields": {"section": 6, "schedule": "1", "subject": 4}}, {"pk": 93, "model": "registry.course", "fields": {"section": 7, "schedule": "1", "subject": 4}}, {"pk": 94, "model": "registry.course", "fields": {"section": 23, "schedule": "1", "subject": 6}}, {"pk": 95, "model": "registry.course", "fields": {"section": 26, "schedule": "1", "subject": 6}}, {"pk": 96, "model": "registry.course", "fields": {"section": 8, "schedule": "1", "subject": 4}}, {"pk": 97, "model": "registry.course", "fields": {"section": 28, "schedule": "1", "subject": 6}}, {"pk": 98, "model": "registry.course", "fields": {"section": 10, "schedule": "1", "subject": 4}}, {"pk": 99, "model": "registry.course", "fields": {"section": 30, "schedule": "1", "subject": 6}}, {"pk": 100, "model": "registry.course", "fields": {"section": 14, "schedule": "1", "subject": 4}}, {"pk": 101, "model": "registry.course", "fields": {"section": 34, "schedule": "1", "subject": 6}}, {"pk": 102, "model": "registry.course", "fields": {"section": 14, "schedule": "1", "subject": 4}}, {"pk": 103, "model": "registry.course", "fields": {"section": 33, "schedule": "1", "subject": 6}}, {"pk": 104, "model": "registry.course", "fields": {"section": 16, "schedule": "1", "subject": 4}}, {"pk": 105, "model": "registry.course", "fields": {"section": 18, "schedule": "1", "subject": 4}}, {"pk": 106, "model": "registry.course", "fields": {"section": 32, "schedule": "1", "subject": 6}}, {"pk": 107, "model": "registry.course", "fields": {"section": 20, "schedule": "1", "subject": 4}}, {"pk": 108, "model": "registry.course", "fields": {"section": 31, "schedule": "1", "subject": 6}}, {"pk": 109, "model": "registry.course", "fields": {"section": 23, "schedule": "1", "subject": 4}}, {"pk": 110, "model": "registry.course", "fields": {"section": 26, "schedule": "1", "subject": 4}}, {"pk": 111, "model": "registry.course", "fields": {"section": 29, "schedule": "1", "subject": 6}}, {"pk": 112, "model": "registry.course", "fields": {"section": 28, "schedule": "1", "subject": 4}}, {"pk": 113, "model": "registry.course", "fields": {"section": 27, "schedule": "1", "subject": 6}}, {"pk": 114, "model": "registry.course", "fields": {"section": 25, "schedule": "1", "subject": 6}}, {"pk": 115, "model": "registry.course", "fields": {"section": 30, "schedule": "1", "subject": 4}}, {"pk": 116, "model": "registry.course", "fields": {"section": 24, "schedule": "1", "subject": 6}}, {"pk": 117, "model": "registry.course", "fields": {"section": 34, "schedule": "1", "subject": 4}}, {"pk": 118, "model": "registry.course", "fields": {"section": 22, "schedule": "1", "subject": 6}}, {"pk": 119, "model": "registry.course", "fields": {"section": 27, "schedule": "1", "subject": 4}}, {"pk": 120, "model": "registry.course", "fields": {"section": 21, "schedule": "1", "subject": 6}}, {"pk": 121, "model": "registry.course", "fields": {"section": 19, "schedule": "1", "subject": 6}}, {"pk": 122, "model": "registry.course", "fields": {"section": 17, "schedule": "1", "subject": 6}}, {"pk": 123, "model": "registry.course", "fields": {"section": 29, "schedule": "1", "subject": 4}}, {"pk": 124, "model": "registry.course", "fields": {"section": 15, "schedule": "1", "subject": 6}}, {"pk": 125, "model": "registry.course", "fields": {"section": 13, "schedule": "1", "subject": 6}}, {"pk": 126, "model": "registry.course", "fields": {"section": 31, "schedule": "1", "subject": 4}}, {"pk": 127, "model": "registry.course", "fields": {"section": 12, "schedule": "1", "subject": 6}}, {"pk": 128, "model": "registry.course", "fields": {"section": 33, "schedule": "1", "subject": 4}}, {"pk": 129, "model": "registry.course", "fields": {"section": 11, "schedule": "1", "subject": 6}}, {"pk": 130, "model": "registry.course", "fields": {"section": 32, "schedule": "1", "subject": 4}}, {"pk": 131, "model": "registry.course", "fields": {"section": 9, "schedule": "1", "subject": 6}}, {"pk": 132, "model": "registry.course", "fields": {"section": 25, "schedule": "1", "subject": 4}}, {"pk": 133, "model": "registry.course", "fields": {"section": 24, "schedule": "1", "subject": 4}}, {"pk": 134, "model": "registry.course", "fields": {"section": 22, "schedule": "1", "subject": 4}}, {"pk": 135, "model": "registry.course", "fields": {"section": 21, "schedule": "1", "subject": 4}}, {"pk": 136, "model": "registry.course", "fields": {"section": 19, "schedule": "1", "subject": 4}}, {"pk": 137, "model": "registry.course", "fields": {"section": 17, "schedule": "1", "subject": 4}}, {"pk": 138, "model": "registry.course", "fields": {"section": 15, "schedule": "1", "subject": 4}}, {"pk": 139, "model": "registry.course", "fields": {"section": 13, "schedule": "1", "subject": 4}}, {"pk": 140, "model": "registry.course", "fields": {"section": 12, "schedule": "1", "subject": 4}}, {"pk": 141, "model": "registry.course", "fields": {"section": 11, "schedule": "1", "subject": 4}}, {"pk": 142, "model": "registry.course", "fields": {"section": 9, "schedule": "1", "subject": 4}}, {"pk": 143, "model": "registry.course", "fields": {"section": 1, "schedule": "1", "subject": 1}}, {"pk": 144, "model": "registry.course", "fields": {"section": 2, "schedule": "1", "subject": 1}}, {"pk": 145, "model": "registry.course", "fields": {"section": 3, "schedule": "1", "subject": 1}}, {"pk": 146, "model": "registry.course", "fields": {"section": 4, "schedule": "1", "subject": 1}}, {"pk": 147, "model": "registry.course", "fields": {"section": 5, "schedule": "1", "subject": 1}}, {"pk": 148, "model": "registry.course", "fields": {"section": 6, "schedule": "1", "subject": 1}}, {"pk": 150, "model": "registry.course", "fields": {"section": 7, "schedule": "1", "subject": 1}}, {"pk": 151, "model": "registry.course", "fields": {"section": 8, "schedule": "1", "subject": 1}}, {"pk": 152, "model": "registry.course", "fields": {"section": 10, "schedule": "1", "subject": 1}}, {"pk": 153, "model": "registry.course", "fields": {"section": 14, "schedule": "1", "subject": 1}}, {"pk": 154, "model": "registry.course", "fields": {"section": 16, "schedule": "1", "subject": 1}}, {"pk": 155, "model": "registry.course", "fields": {"section": 16, "schedule": "1", "subject": 1}}, {"pk": 156, "model": "registry.course", "fields": {"section": 18, "schedule": "1", "subject": 1}}, {"pk": 157, "model": "registry.course", "fields": {"section": 20, "schedule": "1", "subject": 1}}, {"pk": 158, "model": "registry.course", "fields": {"section": 23, "schedule": "1", "subject": 1}}, {"pk": 159, "model": "registry.course", "fields": {"section": 26, "schedule": "1", "subject": 1}}, {"pk": 160, "model": "registry.course", "fields": {"section": 28, "schedule": "1", "subject": 1}}, {"pk": 161, "model": "registry.course", "fields": {"section": 30, "schedule": "1", "subject": 1}}, {"pk": 162, "model": "registry.course", "fields": {"section": 34, "schedule": "1", "subject": 1}}, {"pk": 163, "model": "registry.course", "fields": {"section": 33, "schedule": "1", "subject": 1}}, {"pk": 164, "model": "registry.course", "fields": {"section": 32, "schedule": "1", "subject": 1}}, {"pk": 165, "model": "registry.course", "fields": {"section": 31, "schedule": "1", "subject": 1}}, {"pk": 166, "model": "registry.course", "fields": {"section": 29, "schedule": "1", "subject": 1}}, {"pk": 167, "model": "registry.course", "fields": {"section": 27, "schedule": "1", "subject": 1}}, {"pk": 168, "model": "registry.course", "fields": {"section": 25, "schedule": "1", "subject": 1}}, {"pk": 169, "model": "registry.course", "fields": {"section": 24, "schedule": "1", "subject": 1}}, {"pk": 170, "model": "registry.course", "fields": {"section": 22, "schedule": "1", "subject": 1}}, {"pk": 171, "model": "registry.course", "fields": {"section": 21, "schedule": "1", "subject": 1}}, {"pk": 172, "model": "registry.course", "fields": {"section": 19, "schedule": "1", "subject": 1}}, {"pk": 173, "model": "registry.course", "fields": {"section": 9, "schedule": "1", "subject": 1}}, {"pk": 174, "model": "registry.course", "fields": {"section": 11, "schedule": "1", "subject": 1}}, {"pk": 175, "model": "registry.course", "fields": {"section": 12, "schedule": "1", "subject": 1}}, {"pk": 176, "model": "registry.course", "fields": {"section": 13, "schedule": "1", "subject": 1}}, {"pk": 177, "model": "registry.course", "fields": {"section": 15, "schedule": "1", "subject": 1}}, {"pk": 178, "model": "registry.course", "fields": {"section": 17, "schedule": "1", "subject": 1}}, {"pk": 179, "model": "registry.course", "fields": {"section": 1, "schedule": "1", "subject": 5}}, {"pk": 180, "model": "registry.course", "fields": {"section": 2, "schedule": "1", "subject": 5}}, {"pk": 181, "model": "registry.course", "fields": {"section": 3, "schedule": "1", "subject": 5}}, {"pk": 182, "model": "registry.course", "fields": {"section": 4, "schedule": "1", "subject": 5}}, {"pk": 183, "model": "registry.course", "fields": {"section": 5, "schedule": "1", "subject": 5}}, {"pk": 184, "model": "registry.course", "fields": {"section": 6, "schedule": "1", "subject": 5}}, {"pk": 185, "model": "registry.course", "fields": {"section": 7, "schedule": "1", "subject": 5}}, {"pk": 186, "model": "registry.course", "fields": {"section": 8, "schedule": "1", "subject": 5}}, {"pk": 187, "model": "registry.course", "fields": {"section": 10, "schedule": "1", "subject": 5}}, {"pk": 188, "model": "registry.course", "fields": {"section": 14, "schedule": "1", "subject": 5}}, {"pk": 189, "model": "registry.course", "fields": {"section": 16, "schedule": "1", "subject": 5}}, {"pk": 190, "model": "registry.course", "fields": {"section": 18, "schedule": "1", "subject": 5}}, {"pk": 191, "model": "registry.course", "fields": {"section": 20, "schedule": "1", "subject": 5}}, {"pk": 192, "model": "registry.course", "fields": {"section": 23, "schedule": "1", "subject": 5}}, {"pk": 193, "model": "registry.course", "fields": {"section": 28, "schedule": "1", "subject": 5}}, {"pk": 194, "model": "registry.course", "fields": {"section": 26, "schedule": "1", "subject": 5}}, {"pk": 195, "model": "registry.course", "fields": {"section": 30, "schedule": "1", "subject": 5}}, {"pk": 196, "model": "registry.course", "fields": {"section": 34, "schedule": "1", "subject": 5}}, {"pk": 197, "model": "registry.course", "fields": {"section": 33, "schedule": "1", "subject": 5}}, {"pk": 198, "model": "registry.course", "fields": {"section": 32, "schedule": "1", "subject": 5}}, {"pk": 199, "model": "registry.course", "fields": {"section": 31, "schedule": "1", "subject": 5}}, {"pk": 200, "model": "registry.course", "fields": {"section": 29, "schedule": "1", "subject": 5}}, {"pk": 201, "model": "registry.course", "fields": {"section": 27, "schedule": "1", "subject": 5}}, {"pk": 202, "model": "registry.course", "fields": {"section": 25, "schedule": "1", "subject": 5}}, {"pk": 203, "model": "registry.course", "fields": {"section": 24, "schedule": "1", "subject": 5}}, {"pk": 204, "model": "registry.course", "fields": {"section": 22, "schedule": "1", "subject": 5}}, {"pk": 205, "model": "registry.course", "fields": {"section": 21, "schedule": "1", "subject": 5}}, {"pk": 206, "model": "registry.course", "fields": {"section": 19, "schedule": "1", "subject": 5}}, {"pk": 207, "model": "registry.course", "fields": {"section": 17, "schedule": "1", "subject": 5}}, {"pk": 208, "model": "registry.course", "fields": {"section": 15, "schedule": "1", "subject": 5}}, {"pk": 209, "model": "registry.course", "fields": {"section": 13, "schedule": "1", "subject": 5}}, {"pk": 210, "model": "registry.course", "fields": {"section": 12, "schedule": "1", "subject": 5}}, {"pk": 211, "model": "registry.course", "fields": {"section": 11, "schedule": "1", "subject": 5}}, {"pk": 212, "model": "registry.course", "fields": {"section": 9, "schedule": "1", "subject": 5}}, {"pk": 213, "model": "registry.course", "fields": {"section": 1, "schedule": "1", "subject": 8}}, {"pk": 214, "model": "registry.course", "fields": {"section": 2, "schedule": "1", "subject": 8}}, {"pk": 215, "model": "registry.course", "fields": {"section": 3, "schedule": "1", "subject": 8}}, {"pk": 216, "model": "registry.course", "fields": {"section": 3, "schedule": "1", "subject": 8}}, {"pk": 217, "model": "registry.course", "fields": {"section": 4, "schedule": "1", "subject": 8}}, {"pk": 218, "model": "registry.course", "fields": {"section": 5, "schedule": "1", "subject": 8}}, {"pk": 219, "model": "registry.course", "fields": {"section": 6, "schedule": "1", "subject": 8}}, {"pk": 220, "model": "registry.course", "fields": {"section": 6, "schedule": "1", "subject": 8}}, {"pk": 221, "model": "registry.course", "fields": {"section": 8, "schedule": "1", "subject": 8}}, {"pk": 222, "model": "registry.course", "fields": {"section": 10, "schedule": "1", "subject": 8}}, {"pk": 223, "model": "registry.course", "fields": {"section": 14, "schedule": "1", "subject": 8}}, {"pk": 224, "model": "registry.course", "fields": {"section": 16, "schedule": "1", "subject": 8}}, {"pk": 225, "model": "registry.course", "fields": {"section": 18, "schedule": "1", "subject": 8}}, {"pk": 226, "model": "registry.course", "fields": {"section": 20, "schedule": "1", "subject": 8}}, {"pk": 227, "model": "registry.course", "fields": {"section": 23, "schedule": "1", "subject": 8}}, {"pk": 228, "model": "registry.course", "fields": {"section": 26, "schedule": "1", "subject": 8}}, {"pk": 229, "model": "registry.course", "fields": {"section": 28, "schedule": "1", "subject": 8}}, {"pk": 230, "model": "registry.course", "fields": {"section": 30, "schedule": "1", "subject": 8}}, {"pk": 231, "model": "registry.course", "fields": {"section": 34, "schedule": "1", "subject": 8}}, {"pk": 232, "model": "registry.course", "fields": {"section": 33, "schedule": "1", "subject": 8}}, {"pk": 233, "model": "registry.course", "fields": {"section": 32, "schedule": "1", "subject": 8}}, {"pk": 234, "model": "registry.course", "fields": {"section": 31, "schedule": "1", "subject": 8}}, {"pk": 235, "model": "registry.course", "fields": {"section": 29, "schedule": "1", "subject": 8}}, {"pk": 236, "model": "registry.course", "fields": {"section": 27, "schedule": "1", "subject": 8}}, {"pk": 237, "model": "registry.course", "fields": {"section": 25, "schedule": "1", "subject": 8}}, {"pk": 238, "model": "registry.course", "fields": {"section": 24, "schedule": "1", "subject": 8}}, {"pk": 239, "model": "registry.course", "fields": {"section": 22, "schedule": "1", "subject": 8}}, {"pk": 240, "model": "registry.course", "fields": {"section": 21, "schedule": "1", "subject": 8}}, {"pk": 241, "model": "registry.course", "fields": {"section": 19, "schedule": "1", "subject": 8}}, {"pk": 242, "model": "registry.course", "fields": {"section": 9, "schedule": "1", "subject": 8}}, {"pk": 243, "model": "registry.course", "fields": {"section": 17, "schedule": "1", "subject": 8}}, {"pk": 244, "model": "registry.course", "fields": {"section": 15, "schedule": "1", "subject": 8}}, {"pk": 245, "model": "registry.course", "fields": {"section": 13, "schedule": "1", "subject": 8}}, {"pk": 246, "model": "registry.course", "fields": {"section": 12, "schedule": "1", "subject": 8}}, {"pk": 247, "model": "registry.course", "fields": {"section": 11, "schedule": "1", "subject": 8}}]